{
  "goid": "84449671abe2a5b143051dbdfdf81d07",
  "guid": "5fde4fb4-72b4-4435-a564-fd1b9990f494",
  "name": "dailySync",
  "checksum": "98dea9e0b53340efe66535ba8f551564af46afa3",
  "folderPath": "/bootstrapableFramework/utils",
  "soap": false,
  "policy": {
    "xml": "<?xml version=\"1.0\" encoding=\"UTF-8\"?>\n<wsp:Policy xmlns:L7p=\"http://www.layer7tech.com/ws/policy\" xmlns:wsp=\"http://schemas.xmlsoap.org/ws/2002/12/policy\">\n    <wsp:All wsp:Usage=\"Required\">\n        <wsp:OneOrMore wsp:Usage=\"Required\">\n            <L7p:TrueAssertion/>\n            <wsp:All wsp:Usage=\"Required\">\n                <L7p:Include>\n                    <L7p:PolicyGuid stringValue=\"e513b52b-7d41-416f-9906-17f8e12b6d6a\"/>\n                </L7p:Include>\n                <L7p:JavaScript>\n                    <L7p:ExecutionTimeout stringValue=\"\"/>\n                    <L7p:Name stringValue=\"hello\"/>\n                    <L7p:Script stringValue=\"var a = 0;\"/>\n                </L7p:JavaScript>\n            </wsp:All>\n        </wsp:OneOrMore>\n    </wsp:All>\n</wsp:Policy>\n"
  }
}