{
  "goid": "84449671abe2a5b143051dbdfdf81d31",
  "guid": "400cae20-08dd-4e46-b2ea-919b25f40321",
  "name": "globalReceived",
  "tag": "message-received",
  "checksum": "351d17b7c169497f42e220d141edc1d32ab99a4a",
  "folderPath": "/bootstrapableFramework/utils",
  "policy": {
    "xml": "<?xml version=\"1.0\" encoding=\"UTF-8\"?>\n<wsp:Policy xmlns:L7p=\"http://www.layer7tech.com/ws/policy\" xmlns:wsp=\"http://schemas.xmlsoap.org/ws/2002/12/policy\">\n    <wsp:All wsp:Usage=\"Required\">\n        <L7p:CommentAssertion>\n            <L7p:Comment stringValue=\"Policy Fragment: globalReceived\"/>\n        </L7p:CommentAssertion>\n        <wsp:OneOrMore wsp:Usage=\"Required\">\n            <L7p:TrueAssertion/>\n            <L7p:JmsRoutingAssertion>\n                <L7p:EndpointName stringValue=\"eventsOut\"/>\n                <L7p:EndpointOid goidValue=\"84449671abe2a5b143051dbdfdf81d57\"/>\n                <L7p:RequestJmsMessagePropertyRuleSet jmsMessagePropertyRuleSet=\"included\">\n                    <L7p:Rules jmsMessagePropertyRuleArray=\"included\"/>\n                </L7p:RequestJmsMessagePropertyRuleSet>\n                <L7p:ResponseJmsMessagePropertyRuleSet jmsMessagePropertyRuleSet=\"included\">\n                    <L7p:Rules jmsMessagePropertyRuleArray=\"included\"/>\n                </L7p:ResponseJmsMessagePropertyRuleSet>\n            </L7p:JmsRoutingAssertion>\n        </wsp:OneOrMore>\n    </wsp:All>\n</wsp:Policy>\n"
  }
}