{
  "goid": "012ce653ed64a2f429d3907b248a6a47",
  "guid": "a88d82dd-e024-4c22-a6db-a8fc91e8b105",
  "name": "sub_def",
  "checksum": "0d8e1ad45445ab7536582590d79591051a24a989",
  "folderPath": "/bootstrapableFramework/rules/DEF",
  "soap": false,
  "policy": {
    "xml": "<?xml version=\"1.0\" encoding=\"UTF-8\"?>\n<wsp:Policy xmlns:L7p=\"http://www.layer7tech.com/ws/policy\" xmlns:wsp=\"http://schemas.xmlsoap.org/ws/2002/12/policy\">\n    <wsp:All wsp:Usage=\"Required\">\n        <L7p:HttpRoutingAssertion>\n            <L7p:KeyAlias stringValue=\"blah\"/>\n            <L7p:NonDefaultKeystoreId goidValue=\"00000000000000000000000000000002\"/>\n            <L7p:ProtectedServiceUrl stringValue=\"https://blah\"/>\n            <L7p:ProxyPassword stringValueNull=\"null\"/>\n            <L7p:ProxyUsername stringValueNull=\"null\"/>\n            <L7p:RequestHeaderRules httpPassthroughRuleSet=\"included\">\n                <L7p:ForwardAll booleanValue=\"true\"/>\n                <L7p:Rules httpPassthroughRules=\"included\">\n                    <L7p:item httpPassthroughRule=\"included\">\n                        <L7p:Name stringValue=\"Cookie\"/>\n                    </L7p:item>\n                    <L7p:item httpPassthroughRule=\"included\">\n                        <L7p:Name stringValue=\"SOAPAction\"/>\n                    </L7p:item>\n                </L7p:Rules>\n            </L7p:RequestHeaderRules>\n            <L7p:RequestParamRules httpPassthroughRuleSet=\"included\">\n                <L7p:ForwardAll booleanValue=\"true\"/>\n                <L7p:Rules httpPassthroughRules=\"included\"/>\n            </L7p:RequestParamRules>\n            <L7p:ResponseHeaderRules httpPassthroughRuleSet=\"included\">\n                <L7p:ForwardAll booleanValue=\"true\"/>\n                <L7p:Rules httpPassthroughRules=\"included\">\n                    <L7p:item httpPassthroughRule=\"included\">\n                        <L7p:Name stringValue=\"Set-Cookie\"/>\n                    </L7p:item>\n                </L7p:Rules>\n            </L7p:ResponseHeaderRules>\n            <L7p:SamlAssertionVersion intValue=\"2\"/>\n            <L7p:TlsTrustedCertGoids goidArrayValue=\"included\">\n                <L7p:item goidValue=\"84449671abe2a5b143051dbdfdf7e704\"/>\n            </L7p:TlsTrustedCertGoids>\n            <L7p:TlsTrustedCertNames stringArrayValue=\"included\">\n                <L7p:item stringValue=\"www.broadcom.com\"/>\n            </L7p:TlsTrustedCertNames>\n            <L7p:UsesDefaultKeyStore booleanValue=\"false\"/>\n        </L7p:HttpRoutingAssertion>\n    </wsp:All>\n</wsp:Policy>\n"
  }
}