{
  "webApiServices": [
    {
      "goid": "84449671abe2a5b143051dbdfdf7e685",
      "name": "Rest Api 1",
      "resolutionPath": "/api1",
      "checksum": "ad069ae7b081636f7334ff76b99d09b75dd79b81"
    },
    {
      "goid": "84449671abe2a5b143051dbdfdf7e716",
      "name": "Rest Api 2",
      "resolutionPath": "/api2",
      "checksum": "6b2e555519d62f84fac207a1b846a2d2d83955cc"
    },
    {
      "goid": "982cc1ee7369c6ca5a7ae1e4ad8ba399",
      "name": "test headers",
      "resolutionPath": "/testheaders",
      "checksum": "e272c84aa976bdd0d4973344b03123005ff473dd"
    }
  ],
  "internalWebApiServices": [
    {
      "goid": "84449671abe2a5b143051dbdfdf7e4e5",
      "name": "Gateway GraphQL Management Service",
      "resolutionPath": "/graphman*",
      "checksum": "8089b6aed0c2f87888f7f5033dd1b2ec8a3a8ecf"
    },
    {
      "goid": "84449671abe2a5b143051dbdfdf81e48",
      "name": "Gateway REST Management Service",
      "resolutionPath": "/restman/*",
      "checksum": "446f22627ff459733b56c3b55b179321df1b9952"
    }
  ],
  "globalPolicies": [
    {
      "goid": "84449671abe2a5b143051dbdfdf81d31",
      "guid": "400cae20-08dd-4e46-b2ea-919b25f40321",
      "name": "globalReceived",
      "tag": "message-received",
      "checksum": "351d17b7c169497f42e220d141edc1d32ab99a4a"
    }
  ],
  "backgroundTaskPolicies": [
    {
      "goid": "84449671abe2a5b143051dbdfdf81d07",
      "guid": "5fde4fb4-72b4-4435-a564-fd1b9990f494",
      "name": "dailySync",
      "checksum": "98dea9e0b53340efe66535ba8f551564af46afa3"
    }
  ],
  "policyFragments": [
    {
      "goid": "84449671abe2a5b143051dbdfdf7e6db",
      "guid": "e513b52b-7d41-416f-9906-17f8e12b6d6a",
      "name": "ABC Rules",
      "checksum": "7127b6044fcafaef8321391dcc22174fa261b751"
    },
    {
      "goid": "e5cd57980c53d67b99eca6189e2e4db6",
      "guid": "a9f7163b-d17a-42e8-9b75-855ca6f67c08",
      "name": "Generic API Template",
      "checksum": "130b6766bc4beecbdc219a9f7d939f784c05e4a5"
    },
    {
      "goid": "e5cd57980c53d67b99eca6189e2e4cd4",
      "guid": "7079ed73-1730-4679-bdc0-6cc56b9fb4bc",
      "name": "enforcePlan",
      "checksum": "5cb4ed03adcc25e45d3dd2b8e3a911be7d077bc8"
    },
    {
      "goid": "e5cd57980c53d67b99eca6189e2e46d5",
      "guid": "0303de0b-1ce7-46f3-bef4-95e4ebe8de5d",
      "name": "lookupSubscriptions",
      "checksum": "487d0175ae37e8c058def6571042171cd1c2ea84"
    },
    {
      "goid": "012ce653ed64a2f429d3907b248a6a2c",
      "guid": "3b1c8451-6af9-4983-ae6b-1f7e795ab571",
      "name": "sub_abc",
      "checksum": "d797c87b313b4a1178dd51e3ff113c44ead55df4"
    },
    {
      "goid": "012ce653ed64a2f429d3907b248a6a47",
      "guid": "a88d82dd-e024-4c22-a6db-a8fc91e8b105",
      "name": "sub_def",
      "checksum": "0d8e1ad45445ab7536582590d79591051a24a989"
    },
    {
      "goid": "012ce653ed64a2f429d3907b248a6a61",
      "guid": "e15a5669-0bf8-4873-97e4-d21464a7fe42",
      "name": "sub_ghi",
      "checksum": "e39d354d07d9a2944658244c3701b4f8f6b0b13d"
    }
  ],
  "clusterProperties": [
    {
      "goid": "84449671abe2a5b143051dbdfdf7e5f3",
      "name": "a",
      "checksum": "b77d1a0eca5224e5a33453b8fa6ace8fcbb1ce5e"
    },
    {
      "goid": "84449671abe2a5b143051dbdfdf7e5f9",
      "name": "b",
      "checksum": "f2e671c056a9942360caca33e0051919626d2b49"
    },
    {
      "goid": "0000000000000000fffffffffff5519f",
      "name": "cluster.hostname",
      "checksum": "1bfe0d4c43387dc658c1bcb5ab16160bef7364d7"
    },
    {
      "goid": "730e0f584c2fe9c603469107bca2e7f8",
      "name": "keyStore.defaultSsl.alias",
      "checksum": "ea7e440267e9c93b25578950c783ddca2f0fd50b"
    },
    {
      "goid": "982cc1ee7369c6ca5a7ae1e4ad866070",
      "name": "myDemoConfigVal",
      "checksum": "638693aa29ba0cd8aa4bb9d63335cf687f72a482"
    },
    {
      "goid": "e5cd57980c53d67b99eca6189e2e4596",
      "name": "plan_a_members",
      "checksum": "2dbd3dec9e3407101060070dbe060e7c605c93ab"
    },
    {
      "goid": "e5cd57980c53d67b99eca6189e2e512d",
      "name": "plan_b_members",
      "checksum": "599a90508f96df36e95e0292e545000f241929d4"
    },
    {
      "goid": "e5cd57980c53d67b99eca6189e2e5133",
      "name": "plan_c_members",
      "checksum": "72890ff8c32d567f59593847564d5dc8b9fcbcc1"
    }
  ],
  "internalUsers": [
    {
      "goid": "00000000000000000000000000000003",
      "name": "admin",
      "login": "admin",
      "checksum": "cd5d2168512bd68c90edf4b102f3231d267aa152"
    }
  ],
  "jdbcConnections": [
    {
      "goid": "84449671abe2a5b143051dbdfdf7e762",
      "name": "mydb",
      "checksum": "a5f8e5070bd9d9d3f04a1b7c70798409be7dae8d"
    }
  ],
  "jmsDestinations": [
    {
      "goid": "84449671abe2a5b143051dbdfdf81d57",
      "connectionGoid": "84449671abe2a5b143051dbdfdf81d55",
      "name": "eventsOut",
      "direction": "OUTBOUND",
      "providerType": "WEBLOGIC JMS",
      "checksum": "f8c6a0108c998495a5a78d1223129cb0f053f54d"
    }
  ],
  "keys": [
    {
      "goid": "00000000000000000000000000000002:blah",
      "keystoreId": "00000000000000000000000000000002",
      "alias": "blah",
      "checksum": "171c8376f9f9c32c679e2cf7217803450b483b43"
    },
    {
      "goid": "00000000000000000000000000000002:ssl",
      "keystoreId": "00000000000000000000000000000002",
      "alias": "ssl",
      "checksum": "45512210dd8f2d0c4e1305f7ac4ea72bc1dd2449"
    }
  ],
  "listenPorts": [
    {
      "goid": "84449671abe2a5b143051dbdfdf7e52c",
      "name": "Default HTTP (8080)",
      "checksum": "77d652967c38b7ac38e500aa95b34d5c4b654ee8"
    },
    {
      "goid": "84449671abe2a5b143051dbdfdf7e52b",
      "name": "Default HTTPS (8443)",
      "checksum": "1ad651259fe43a0e7930b2b8be6796d8feb5d4ee"
    },
    {
      "goid": "84449671abe2a5b143051dbdfdf7e52d",
      "name": "Default HTTPS (9443)",
      "checksum": "7dd2f780a907e7665bfbbe5c2b2629586e153197"
    },
    {
      "goid": "84449671abe2a5b143051dbdfdf7e52e",
      "name": "Node HTTPS (2124)",
      "checksum": "a839f712484fb847665feb1606a2f6f6e1c03f35"
    }
  ],
  "scheduledTasks": [
    {
      "goid": "84449671abe2a5b143051dbdfdf81e01",
      "name": "My Daily Clean and Sync",
      "checksum": "02ebea211860a78a09f5f1c0ef56809b64fbd57c"
    }
  ],
  "secrets": [
    {
      "goid": "84449671abe2a5b143051dbdfdf7e76e",
      "name": "mydb",
      "checksum": "fb4347dc7999c213d0c3d7d8ce5aa73cc140a165"
    },
    {
      "goid": "012ce653ed64a2f429d3907b248a6782",
      "name": "newpasswd",
      "checksum": "1e3964f8fd4e0dbbf8ed84570cca97da530b7d44"
    }
  ],
  "trustedCerts": [
    {
      "goid": "84449671abe2a5b143051dbdfdf7e704",
      "name": "www.broadcom.com",
      "subjectDn": "cn=www.broadcom.com,o=broadcom inc,l=san jose,st=california,c=us",
      "thumbprintSha1": "4w230rgczdepEDjkuO8gYsOfyTU=",
      "checksum": "1866cef9812889ec2518d0f41bf84612d4399241"
    },
    {
      "goid": "982cc1ee7369c6ca5a7ae1e4ad86dc6b",
      "name": "New trusted cert",
      "subjectDn": "cn=*.tesla.com,o=tesla\\, inc.,l=palo alto,st=california,c=us",
      "thumbprintSha1": "iZJ/xtwDDv+gic0J9idwO9XqYVw=",
      "checksum": "a365254617c3151a282af375d1fc4814d85d6556"
    }
  ]
}